"opportunityid","name","closeprobability","estimatedclosedate","estimatedvalue","description","budgetamount","slcrm_policy","parentaccountid"
"becc5dba-b1f1-ea11-a815-000d3a1b14a2","1 Café Grande Espresso Machine for Alpine Ski House","70","2026-09-26","14900.0000000000","Supply coffee machines for their new Building",,"POL-2026-0003","Alpine Ski House"
"14741c9e-4b9e-ea11-a811-000d3a1bb122","5 Café A-100 Automatic","85","2026-09-09","77500.0000000000","Supply coffee machines for their new Building","40000.0000000000",,"Trey Research"
"e90a0493-e8f0-ea11-a815-000d3a1b14a2","10 Airpot XL Coffee Makers for Alpine Ski House","65","2026-10-03","4990.0000000000","Adding coffee machines to HQ",,"POL-2026-0001","Fabrikam, Inc."
"9a9606fb-1ab1-f111-aaab-002248db53bb","POL-MDN-4471 Renewal 2021 - Fabrikam, Inc.",,"2021-09-01",,"Solid start of a new commercial property relationship. No prior claims history to assess.",,"POL-MDN-4471","Fabrikam, Inc."
"7f017587-e7bc-f111-aaad-e4fade0d3397","POL-MDN-4471 Renewal 2027 - Fabrikam, Inc.",,,,,,"POL-MDN-4471","Fabrikam, Inc."
"a09c2889-a016-eb11-a813-002248029f77","1 Café BG-1 Grinder for Alpine Ski House","80","2026-09-22","4999.0000000000","Moving to the new line of coffee machines",,,"Alpine Ski House"
"b052fc98-e8f0-ea11-a815-000d3a1b14a2","18 Airpot Coffee Makers for Northwind Traders","93","2026-09-24","30582.0000000000","Buying new machines for their current offices","10000.0000000000","POL-2026-0002","Northwind Traders"
"aa9606fb-1ab1-f111-aaab-002248db53bb","POL-MDN-4471 Renewal 2023 - Fabrikam, Inc.",,"2023-09-01",,"Second renewal. Minor claim notified (escape of water), otherwise stable.",,"POL-MDN-4471","Fabrikam, Inc."
"2ec06197-31ec-ea11-a817-000d3a1b14a2","2 Café Corto for Northwind Traders","80","2026-10-18","33800.0000000000","Espresso machines to their renovated cafeteria",,"POL-2026-0004","A. Datum Corporation"
"a69606fb-1ab1-f111-aaab-002248db53bb","POL-MDN-4471 Renewal 2022 - Fabrikam, Inc.",,"2022-09-01",,"First renewal. Clean first year, no claims.",,"POL-MDN-4471","Fabrikam, Inc."
"90a128af-1f73-ea11-a811-000d3a1bb5a2","2 Café Duo Espresso Machines for Fabrikam","90","2026-09-25","25800.0000000000","Espresso machines to their renovated cafeteria","34000.0000000000",,"Fourth Coffee"
"71ecca72-0d1c-48ce-a21b-0d6650b1e904","3 Café Grande Espresso Machines for A. Datum","90","2026-09-12","44700.0000000000","Espresso machines to their renovated cafeteria","45000.0000000000",,"A. Datum Corporation"
"02c9e601-1bb1-f111-aaab-002248db53bb","POL-MDN-4471 Renewal 2024 - Fabrikam, Inc.",,"2024-09-01",,"Third renewal. Business expanded - customer added a second storage unit at the same site.",,"POL-MDN-4471","Fabrikam, Inc."
"14c9e601-1bb1-f111-aaab-002248db53bb","POL-MDN-4471 Renewal 2025 - Fabrikam, Inc.",,"2025-09-01",,"Fourth renewal. Clean year, no claims, no changes to the insured premises.",,"POL-MDN-4471","Fabrikam, Inc."
