"slcrm_referralreasonid","slcrm_name","slcrm_requiresdurationinformation","slcrm_requirespricinginformation","slcrm_allowmultiplecurrentitems","slcrm_requireslicencecheck","slcrm_requiresreinsuranceinformation","slcrm_requiresgeographyinformation","slcrm_requirescoversection","slcrm_detailtemplate","slcrm_displayorder","slcrm_requireslimitinformation","slcrm_reasoncode","slcrm_requiressupportingevidence","statuscode","slcrm_requireswordinginformation","slcrm_defaultsladays"
"0d15cb74-89b0-f111-aaab-002248db53bb","Appetite/Hazard Code","No","No","No","No","No","No","Yes","Appetite / Hazard Code","10","No","APPETITE","No","Active","No","5"
"0e15cb74-89b0-f111-aaab-002248db53bb","Limits/Capacity","No","No","No","No","No","No","Yes","Limits / Capacity","20","No","LIMITSCAP","No","Active","No","5"
"545b937b-89b0-f111-aaab-002248db53bb","Pricing (incl AP/TP TRI)","No","No","No","No","No","No","Yes","Pricing (incl AP/TP TRI)","30","No","PRICING","No","Active","No","5"
"555b937b-89b0-f111-aaab-002248db53bb","Policy Duration","No","No","No","No","No","No","Yes","Policy Duration","40","No","POLICYDUR","No","Active","No","5"
"565b937b-89b0-f111-aaab-002248db53bb","Additional Covers","No","No","No","No","No","No","Yes","Additional Covers","50","No","ADDCOVER","No","Active","No","5"
"575b937b-89b0-f111-aaab-002248db53bb","Specific Wording Issues","No","No","No","No","No","No","Yes","Specific Wording Issues","60","No","WORDING","No","Active","No","5"
"585b937b-89b0-f111-aaab-002248db53bb","US Exposure","No","No","No","No","No","No","Yes","US Exposure","70","No","USEXP","No","Active","No","5"
"595b937b-89b0-f111-aaab-002248db53bb","Risk Management","No","No","No","No","No","No","Yes","Risk Management","80","No","RISKMGMT","No","Active","No","5"
"b8e2c981-89b0-f111-aaab-002248db53bb","Reinsurance (Incl. Fac)","No","No","No","No","No","No","Yes","Reinsurance","90","No","REINSURANCE","No","Active","No","5"
"c1e2c981-89b0-f111-aaab-002248db53bb","Void Cover / Declaration","No","No","No","No","No","No","Yes","Void Cover / Declaration","100","No","VOIDCOVER","No","Active","No","5"
"c4e2c981-89b0-f111-aaab-002248db53bb","Authorised Geography","No","No","No","No","No","No","Yes","Authorised Geography","110","No","AUTHGEO","No","Active","No","5"
"c7e2c981-89b0-f111-aaab-002248db53bb","Country Moratorium","No","No","No","No","No","No","Yes","Country Moratorium","120","No","CTRYMORAT","No","Active","No","5"
"c9e2c981-89b0-f111-aaab-002248db53bb","Commission","No","No","No","No","No","No","Yes","General","130","No","COMMISSION","No","Active","No","5"
"dee2c981-89b0-f111-aaab-002248db53bb","Loss Record","No","No","No","No","No","No","Yes","General","140","No","LOSSREC","No","Active","No","5"
"1bd9c487-89b0-f111-aaab-002248db53bb","High Risk Country (Blue Flag)","No","No","No","No","No","No","Yes","General","150","No","HIGHRISK","No","Active","No","5"
