"slcrm_rationalid","slcrm_name","slcrm_underwriteropinion","slcrm_claimsexperience","slcrm_pricing","slcrm_ppmcategory","statuscode","slcrm_status","slcrm_policyreference","slcrm_qualityassessmenttext","slcrm_version","slcrm_captivearrangements","slcrm_iscurrent","slcrm_renewalyear","slcrm_negotiationoutcomestext","slcrm_riskmanagementarrangements","slcrm_capacityconsiderations","slcrm_overseasterritoryexposures","slcrm_sanctionsconsiderations","slcrm_licencelevel","slcrm_copiedon","slcrm_opportunity","slcrm_policy","slcrm_customerinsured","slcrm_sourcerational","slcrm_underwriter","slcrm_copiedby"
"6827a9b5-89b0-f111-aaab-002248db53bb","Rationale-0001","Risk is acceptable within current appetite; recommend proceeding.","No material losses in the last 3 policy years.","Pricing broadly in line with technical rate; minor deviation justified by claims-free history.","Standard","Active",,,,,,"Yes",,,,,,,,,"10 Airpot XL Coffee Makers for Alpine Ski House","POL-2026-0001","Fabrikam, Inc.",,"Aritra Bhattacharya",
"479e2ebc-89b0-f111-aaab-002248db53bb","Rationale-0002","Risk is acceptable within current appetite; recommend proceeding.","No material losses in the last 3 policy years.","Pricing broadly in line with technical rate; minor deviation justified by claims-free history.","Standard","Active",,,,,,"Yes",,,,,,,,,"18 Airpot Coffee Makers for Northwind Traders",,"Northwind Traders",,"David Mallory",
"489e2ebc-89b0-f111-aaab-002248db53bb","Rationale-0003","Risk is acceptable within current appetite; recommend proceeding.","No material losses in the last 3 policy years.","Pricing broadly in line with technical rate; minor deviation justified by claims-free history.","Standard","Active",,,,,,"Yes",,,,,,,,,"1 Café Grande Espresso Machine for Alpine Ski House",,"Alpine Ski House",,"Alan Steiner",
"499e2ebc-89b0-f111-aaab-002248db53bb","Rationale-0004","Risk is acceptable within current appetite; recommend proceeding.","No material losses in the last 3 policy years.","Pricing broadly in line with technical rate; minor deviation justified by claims-free history.","Standard","Active",,,,,,"Yes",,,,,,,,,"2 Café Corto for Northwind Traders",,"A. Datum Corporation",,"Jeremy Johnson",
"a59606fb-1ab1-f111-aaab-002248db53bb","Rationale - 2021 Renewal","Acceptable risk at standard terms; recommend accepting as new business.","New business - no claims history available. Proceeding on declared risk information and site survey.","Technical rate, no loading or discount.","Category B","Active","Final","POL-MDN-4471","Risk information complete and consistent with site survey. Good quality submission.","1","None disclosed.","No","2021","Agreed at declared terms; broker did not request deviation from standard wording.","Sprinklered warehouse, monitored alarm, annual PPM contract in place.","Within treaty capacity; no facultative support required.","None - single UK site.","Sanctions screening clear.","Standard",,"POL-MDN-4471 Renewal 2021 - Fabrikam, Inc.","POL-MDN-4471","Fabrikam, Inc.",,"Aritra Bhattacharya",
"a99606fb-1ab1-f111-aaab-002248db53bb","Rationale - 2022 Renewal","Clean first-year experience supports renewal at expiring terms.","One year clean experience since inception. No claims notified.","Technical rate held flat given clean experience.","Category B","Active","Final","POL-MDN-4471","Renewal declaration consistent with prior year. No material changes flagged.","1","None disclosed.","No","2022","Renewed at expiring terms; broker confirmed no material changes to the risk.","Sprinkler system serviced Mar 2022, certificate on file. PPM contract renewed.","Within treaty capacity, unchanged from prior year.","None - single UK site, unchanged.","Sanctions screening clear.","Standard",,"POL-MDN-4471 Renewal 2022 - Fabrikam, Inc.","POL-MDN-4471","Fabrikam, Inc.","Rationale - 2021 Renewal","Aritra Bhattacharya",
"00c9e601-1bb1-f111-aaab-002248db53bb","Rationale - 2023 Renewal","Isolated water-escape claim with clear remedial fix. Acceptable to renew flat.","One escape-of-water claim, GBP 8,400 incurred, root cause (failed valve) rectified. No other claims.","Rate held flat; no loading given remedial action taken.","Category B","Active","Final","POL-MDN-4471","Good quality claim narrative supplied by broker with root-cause detail.","1","None disclosed.","No","2023","Broker pushed back on a proposed loading given the claim was a one-off with a clear remedial fix; agreed to hold terms flat in exchange for a risk improvement undertaking.","Sprinkler system serviced Mar 2023. Failed pipework valve replaced and isolation procedure added to site PPM checklist following the claim.","Within treaty capacity, unchanged.","None - single UK site, unchanged.","Sanctions screening clear.","Standard",,"POL-MDN-4471 Renewal 2023 - Fabrikam, Inc.","POL-MDN-4471","Fabrikam, Inc.","Rationale - 2022 Renewal","Aritra Bhattacharya",
"12c9e601-1bb1-f111-aaab-002248db53bb","Rationale - 2024 Renewal","Growth in a well-managed risk; acceptable to renew with pro-rata adjustment.","No claims since the 2023 water-escape. Remedial action from that claim appears effective.","Rate flat; incremental premium pro-rata for added sums insured.","Category B","Active","Final","POL-MDN-4471","Updated site survey received for the new unit; construction and protections consistent with the existing building.","1","None disclosed.","No","2024","Agreed a pro-rata increase in sums insured for the additional unit; broker accepted the incremental premium without further negotiation.","New unit fitted with sprinklers to the same standard as the original building; single monitored alarm covers both units. PPM contract extended to cover the new unit.","Increased sums insured still within treaty capacity.","None - single UK site, footprint expanded on same site.","Sanctions screening clear.","Standard",,"POL-MDN-4471 Renewal 2024 - Fabrikam, Inc.","POL-MDN-4471","Fabrikam, Inc.","Rationale - 2023 Renewal","Aritra Bhattacharya",
"af5e2908-1bb1-f111-aaab-002248db53bb","Rationale - 2025 Renewal","Stable risk, two clean years since the 2023 claim; recommend renewing flat.","Clean year - no claims notified since the 2024 renewal.","Technical rate held flat given continued clean experience.","Category B","Active","Final","POL-MDN-4471","Renewal declaration consistent with 2024. No material changes flagged by broker or site contact.","1","None disclosed.","Yes","2025","Renewed at expiring terms; broker confirmed no changes to occupation, construction or protections.","Sprinkler system serviced Mar 2025, certificate on file for both units. PPM contract renewed, no defects noted.","Within treaty capacity, unchanged from 2024.","None - single UK site, unchanged.","Sanctions screening clear.","Standard",,"POL-MDN-4471 Renewal 2025 - Fabrikam, Inc.","POL-MDN-4471","Fabrikam, Inc.","Rationale - 2024 Renewal","Aritra Bhattacharya",
"1bcaec52-e9bc-f111-aaad-e4fade0d3397","Rationale — 2026",,,,,"Active","Draft","POL-MDN-4471",,"1",,"Yes","2026",,,,,,,,"POL-MDN-4471 Renewal 2027 - Fabrikam, Inc.","POL-MDN-4471","Fabrikam, Inc.",,"Aritra Bhattacharya",
"b19ebd6b-e9bc-f111-aaad-e4fade0d3397","Rationale — 2026 (from 2021)","Acceptable risk at standard terms; recommend accepting as new business.","New business - no claims history available. Proceeding on declared risk information and site survey.","Technical rate, no loading or discount.","Category B","Active","Draft","POL-MDN-4471","Risk information complete and consistent with site survey. Good quality submission.","1","None disclosed.","Yes","2026","Agreed at declared terms; broker did not request deviation from standard wording.","Sprinklered warehouse, monitored alarm, annual PPM contract in place.","Within treaty capacity; no facultative support required.","None - single UK site.","Sanctions screening clear.","Standard","2026-09-30T16:10:17Z","POL-MDN-4471 Renewal 2027 - Fabrikam, Inc.","POL-MDN-4471","Fabrikam, Inc.","Rationale - 2021 Renewal","Aritra Bhattacharya","Aritra Bhattacharya"
