"slcrm_underwriterauthorityid","slcrm_name","slcrm_licencelocation","slcrm_effectiveto","slcrm_licencescheme","slcrm_effectivefrom","slcrm_authorityassignmentnumber","statuscode","slcrm_productclassofbusiness","slcrm_authoritylevel","slcrm_underwriter"
"cfc3f6a8-89b0-f111-aaab-002248db53bb","Aritra Bhattacharya - Marine Hull","United Kingdom","2027-08-31T00:00:00Z","SL UK & RSAL","2026-09-01T00:00:00Z","UA-0001","Current","Marine Hull","Level 5","Aritra Bhattacharya"
"1afcffae-89b0-f111-aaab-002248db53bb","Aritra Bhattacharya - Marine Liability","United Kingdom","2027-08-31T00:00:00Z","SL UK & RSAL","2026-09-01T00:00:00Z","UA-0002","Current","Marine Liability","Level 4","Aritra Bhattacharya"
"1bfcffae-89b0-f111-aaab-002248db53bb","David Mallory - Marine Cargo","United Kingdom","2027-08-31T00:00:00Z","SL UK & RSAL","2026-09-01T00:00:00Z","UA-0003","Current","Marine Cargo","Level 4","David Mallory"
"1cfcffae-89b0-f111-aaab-002248db53bb","David Mallory - Marine Freight","United Kingdom","2027-08-31T00:00:00Z","SL UK & RSAL","2026-09-01T00:00:00Z","UA-0004","Current","Marine Freight","Level 3","David Mallory"
"1dfcffae-89b0-f111-aaab-002248db53bb","Alan Steiner - Marine Liability","United Kingdom","2027-08-31T00:00:00Z","SL UK & RSAL","2026-09-01T00:00:00Z","UA-0005","Current","Marine Liability","Level 3","Alan Steiner"
"1efcffae-89b0-f111-aaab-002248db53bb","Alan Steiner - Marine Cargo","United Kingdom","2027-08-31T00:00:00Z","SL UK & RSAL","2026-09-01T00:00:00Z","UA-0006","Current","Marine Cargo","Level 3","Alan Steiner"
"1ffcffae-89b0-f111-aaab-002248db53bb","Jeremy Johnson - Marine Hull","United Kingdom","2027-08-31T00:00:00Z","SL UK & RSAL","2026-09-01T00:00:00Z","UA-0007","Current","Marine Hull","Level 4","Jeremy Johnson"
"6227a9b5-89b0-f111-aaab-002248db53bb","Jeremy Johnson - Ports & Terminals","United Kingdom","2027-08-31T00:00:00Z","SL UK & RSAL","2026-09-01T00:00:00Z","UA-0008","Current","Ports & Terminals","Level 4","Jeremy Johnson"
"3eff1b56-a2bd-f111-aaad-e4fade0d2043","SMOKE - Test Higher Authority - Marine Hull",,"2027-08-31T00:00:00Z","SL UK & RSAL","2026-09-01T00:00:00Z","UA-001000","Current","Marine Hull","Level 6","Microsoft Flow"
