"slcrm_referralrequestid","slcrm_name","slcrm_policynumber","statuscode","slcrm_haseverbeensubmitted","slcrm_submittedon","slcrm_authorisedcurrentitemcount","slcrm_priority","slcrm_sourcesystem","slcrm_inceptioneffectivedate","slcrm_cancelledcurrentitemcount","slcrm_lastsubmittedon","slcrm_policytype","slcrm_transactiontype","slcrm_quotenumber","slcrm_lastaggregatedon","slcrm_totalcurrentitemcount","slcrm_commonbusinessriskdescription","slcrm_explicitlycancelled","slcrm_openitemcount","slcrm_rejectedcurrentitemcount","slcrm_opencurrentitemcount","slcrm_completedon","slcrm_cancellationreason","slcrm_outcomesummary","slcrm_broker","slcrm_opportunity","slcrm_countryofreferral","slcrm_customerinsured","slcrm_product","slcrm_submittedby","slcrm_primaryunderwriter","slcrm_completedby"
"4b9e2ebc-89b0-f111-aaab-002248db53bb","REF-001000","P001","Onward for Approval","Yes","2026-10-01T18:39:45Z","1","Medium","CRM","2026-10-01T00:00:00Z","0","2026-10-01T18:39:45Z","Annual","MTA","Q001","2026-10-01T18:42:27Z","2","Referral for underwriting review of a marine risk requiring additional authority.","No","1","0","1",,,,"Trey Research","10 Airpot XL Coffee Makers for Alpine Ski House","United Kingdom","Fabrikam, Inc.","Marine Hull","Aritra Bhattacharya","Aritra Bhattacharya",
"4c9e2ebc-89b0-f111-aaab-002248db53bb","REF-001001",,"Draft","No",,,"Low","CRM","2026-10-01T00:00:00Z",,,"Annual",,,,,"Referral for underwriting review of a marine risk requiring additional authority.","No",,,,,,,"A. Datum Corporation","18 Airpot Coffee Makers for Northwind Traders","France","Northwind Traders","Marine Cargo",,"David Mallory",
"649e2ebc-89b0-f111-aaab-002248db53bb","REF-001002",,"Sent for Approval","Yes","2026-09-10T09:00:00Z",,"High","CRM","2026-10-01T00:00:00Z",,"2026-09-10T09:00:00Z","Annual",,,,,"Referral for underwriting review of a marine risk requiring additional authority.","No",,,,,,,"Fourth Coffee","1 Café Grande Espresso Machine for Alpine Ski House","Spain","Alpine Ski House","Marine Liability","Alan Steiner","Alan Steiner",
"0ec75ac3-89b0-f111-aaab-002248db53bb","REF-001003",,"Sent for Approval","Yes","2026-09-10T09:00:00Z",,"Medium","CRM","2026-10-01T00:00:00Z",,"2026-09-10T09:00:00Z","Annual",,,,,"Referral for underwriting review of a marine risk requiring additional authority.","No",,,,,,,"Fabrikam, Inc.","2 Café Corto for Northwind Traders","United Kingdom","A. Datum Corporation","Marine Freight","Jeremy Johnson","Jeremy Johnson",
"0fc75ac3-89b0-f111-aaab-002248db53bb","REF-001004",,"Onward for Approval","Yes","2026-09-10T09:00:00Z",,"High","CRM","2026-10-01T00:00:00Z",,"2026-09-10T09:00:00Z","Annual",,,,,"Referral for underwriting review of a marine risk requiring additional authority.","No",,,,,,,"Northwind Traders","5 Café A-100 Automatic","United Kingdom","Trey Research","Marine Trades","Aritra Bhattacharya","Aritra Bhattacharya",
"a2d932e4-89b0-f111-aaab-002248db53bb","REF-001006",,"Draft","Yes","2026-09-10T09:00:00Z",,"Medium","CRM","2026-10-01T00:00:00Z",,"2026-09-10T09:00:00Z","Annual",,,,,"Referral for underwriting review of a marine risk requiring additional authority.","No",,,,,,,"Alpine Ski House","2 Café Duo Espresso Machines for Fabrikam","Spain","Fourth Coffee","Ports & Terminals","David Mallory","David Mallory",
"4e6e4386-a3b0-f111-aaab-002248db53bb","REF-001007",,"Draft","No",,,"Medium","CRM","2026-09-23T00:00:00Z",,,"Annual",,,,,"test description","No",,,,,,,,"1 Café BG-1 Grinder for Alpine Ski House","Spain","Alpine Ski House","Marine Liability",,"Aritra Bhattacharya",
"863142ec-a3b0-f111-aaab-002248db53bb","REF-001008",,"Draft","No",,,"Medium","CRM",,,,"Annual",,,,,"testasdsadas","No",,,,,,,,"1 Café Grande Espresso Machine for Alpine Ski House","United Kingdom","Alpine Ski House","Marine Trades",,"Aritra Bhattacharya",
"c10a0ec1-a5b0-f111-aaab-002248db53bb","REF-001009","asda","Draft","No",,,"Medium",,,,,"Annual","MTA","ads",,,,"No",,,,,,,"Fabrikam, Inc.","10 Airpot XL Coffee Makers for Alpine Ski House",,"Alpine Ski House","Marine Hull",,,
"b3707bf4-56b1-f111-aaab-7ced8d5ff0da","REF-001010",,"Draft","No",,,"Medium","CRM",,,,"Annual",,,,,"Test","No",,,,,,,,"3 Café Grande Espresso Machines for A. Datum",,"A. Datum Corporation","Marine Cargo",,"Aritra Bhattacharya",
"0ae777f8-90bd-f111-aaad-e4fade0d2043","SMOKE-REF-1",,"Draft","Yes","2026-10-01T12:10:02Z","2","Medium","CRM","2026-10-01T00:00:00Z","0","2026-10-01T12:10:24Z","Annual",,,"2026-10-01T12:10:25Z","2","SMOKE TEST record created by the lifecycle deployment. Safe to delete.","No","0","0","0",,,,,"10 Airpot XL Coffee Makers for Alpine Ski House","United Kingdom","Fabrikam, Inc.","Marine Hull","Aritra Bhattacharya","Aritra Bhattacharya",
"dffbc11d-91bd-f111-aaad-e4fade0d2043","SMOKE-REF-2",,"Draft","Yes","2026-10-01T12:10:44Z","0","Medium","CRM","2026-10-01T00:00:00Z","1","2026-10-01T12:10:44Z","Annual",,,"2026-10-01T12:10:45Z","1","SMOKE TEST record created by the lifecycle deployment. Safe to delete.","Yes","0","0","0","2026-10-01T12:10:45Z","smoke cancel",,,"10 Airpot XL Coffee Makers for Alpine Ski House","United Kingdom","Fabrikam, Inc.","Marine Hull","Aritra Bhattacharya","Aritra Bhattacharya","Aritra Bhattacharya"
"a1e52950-91bd-f111-aaad-e4fade0d2043","SMOKE-REF-3",,"Draft","Yes","2026-10-01T12:12:14Z","0","Medium","CRM","2026-10-01T00:00:00Z","1","2026-10-01T12:12:14Z","Annual",,,"2026-10-01T12:12:15Z","1","SMOKE TEST record created by the lifecycle deployment. Safe to delete.","Yes","0","0","0","2026-10-01T12:12:15Z","smoke cleanup",,,"10 Airpot XL Coffee Makers for Alpine Ski House","United Kingdom","Fabrikam, Inc.","Marine Hull","Aritra Bhattacharya","Aritra Bhattacharya","Aritra Bhattacharya"
"72d70982-91bd-f111-aaad-e4fade0d2043","SMOKE-REF-4",,"Rejected - UW Action Required","Yes","2026-10-01T12:13:31Z","0","Medium","CRM","2026-10-01T00:00:00Z","0","2026-10-01T12:13:31Z","Annual",,,"2026-10-01T12:14:28Z","1","SMOKE TEST record for the decision dialog. Safe to delete.","No","0","1","0",,,,,"10 Airpot XL Coffee Makers for Alpine Ski House","United Kingdom","Fabrikam, Inc.","Marine Hull","Aritra Bhattacharya","Aritra Bhattacharya",
"40ff1b56-a2bd-f111-aaad-e4fade0d2043","SMOKE-REF-5",,"Onward for Approval","Yes","2026-10-01T14:14:08Z","0","Medium","CRM","2026-10-01T00:00:00Z","0","2026-10-01T14:14:08Z","Annual",,,"2026-10-01T14:44:36Z","1","SMOKE TEST record for the onward picker. Safe to delete.","No","1","0","1",,,,,"10 Airpot XL Coffee Makers for Alpine Ski House","United Kingdom","Fabrikam, Inc.","Marine Hull","Aritra Bhattacharya","Aritra Bhattacharya",
"250061c0-a5bd-f111-aaad-e4fade0d2043","SMOKE-REF-6",,"Draft","Yes","2026-10-01T14:38:32Z","1","Medium","CRM","2026-10-01T00:00:00Z","0","2026-10-01T14:38:32Z","Annual",,,"2026-10-01T14:39:56Z","2","SMOKE TEST record. Safe to delete (needs slcrm_AllowDecisionMaintenance).","No","0","1","0","2026-10-01T14:39:56Z",,"Proceeding with the authorised scope",,"10 Airpot XL Coffee Makers for Alpine Ski House","United Kingdom","Fabrikam, Inc.","Marine Hull","Aritra Bhattacharya","Aritra Bhattacharya","Aritra Bhattacharya"
"827422f3-a5bd-f111-aaad-e4fade0d2043","SMOKE-REF-7",,"Revision in Progress","Yes","2026-10-01T14:39:57Z","0","Medium","CRM","2026-10-01T00:00:00Z","0","2026-10-01T14:39:57Z","Annual",,,"2026-10-01T14:39:58Z","1","SMOKE TEST record.","No","1","0","1",,,,,"10 Airpot XL Coffee Makers for Alpine Ski House","United Kingdom","Fabrikam, Inc.","Marine Hull","Aritra Bhattacharya","Aritra Bhattacharya",
