"slcrm_referralitemid","slcrm_itemsummary","statuscode","slcrm_referraldetails","slcrm_referralitemnumber","slcrm_iscurrentrevision","slcrm_submittedon","slcrm_sequence","slcrm_revisionnumber","slcrm_proposedduration","slcrm_underwriterrationale","slcrm_logicalitemid","slcrm_maxduration","slcrm_pricingrationale","slcrm_technicalpremium","slcrm_proposedpremium","slcrm_reinsurancetype","slcrm_retentionamount","slcrm_placementdetail","slcrm_assignedapproversnapshot","slcrm_requestedlimit","slcrm_currentauthoritylimit","slcrm_supersededon","slcrm_changesummary","slcrm_respondedon","slcrm_requiredauthoritylevel","slcrm_underwriterauthority","slcrm_referral","slcrm_coversection","slcrm_referralreason","slcrm_product","slcrm_rootreferralitem","slcrm_previousreferralitem","slcrm_assignedapprover","slcrm_submittedby"
"cadd89c1-8bb0-f111-aaab-002248db53bb","Referral item for Marine Hull - Policy Duration","Draft","Underwriter requests review of Policy Duration for this Marine Hull risk.","RFI-001000","Yes","2026-10-01T18:39:45Z","1","1","18.0000000000","tesr","ITEM-0001","12.0000000000",,,,,,,,,,,,,"Level 4","Aritra Bhattacharya - Marine Hull","REF-001000","Hull All Risks","Policy Duration","Marine Hull",,,"Aritra Bhattacharya","Aritra Bhattacharya"
"ccdd89c1-8bb0-f111-aaab-002248db53bb","Referral item for Marine Cargo - Limits/Capacity","Draft","Underwriter requests review of Limits/Capacity for this Marine Cargo risk.","RFI-001002","Yes",,"1","1",,"Test Data ","ITEM-0003",,,,,,,,,,,,,,"Level 4","David Mallory - Marine Cargo","REF-001001","Cargo Transit","Limits/Capacity","Marine Cargo",,,"Aritra Bhattacharya",
"cddd89c1-8bb0-f111-aaab-002248db53bb","Referral item for Marine Cargo - Appetite/Hazard Code","Draft","Underwriter requests review of Appetite/Hazard Code for this Marine Cargo risk.","RFI-001003","Yes",,"2","1",,"Test Data ","ITEM-0004",,,,,,,,,,,,,,"Level 4","David Mallory - Marine Cargo","REF-001001","Cargo Storage","Appetite/Hazard Code","Marine Cargo",,,"Aritra Bhattacharya",
"cedd89c1-8bb0-f111-aaab-002248db53bb","Referral item for Marine Liability - Authorised Geography","Submitted","Underwriter requests review of Authorised Geography for this Marine Liability risk.","RFI-001004","Yes",,"1","1",,"Test Data ","ITEM-0005",,,,,,,,,,,,,,"Level 4","Aritra Bhattacharya - Marine Liability","REF-001002","Liability P&I","Authorised Geography","Marine Liability",,,"Aritra Bhattacharya",
"cfdd89c1-8bb0-f111-aaab-002248db53bb","Referral item for Marine Liability - Pricing (incl AP/TP TRI)","In Review","Underwriter requests review of Pricing (incl AP/TP TRI) for this Marine Liability risk.","RFI-001005","Yes",,"2","1",,"Test Data ","ITEM-0006",,"Proposed premium reflects competitive market pressure; technical premium confirms adequacy.","118000.0000000000","125000.0000000000",,,,,,,,,,"Level 4","Aritra Bhattacharya - Marine Liability","REF-001002","Liability P&I","Pricing (incl AP/TP TRI)","Marine Liability",,,"Aritra Bhattacharya",
"2ccfd5c7-8bb0-f111-aaab-002248db53bb","Referral item for Marine Freight - Policy Duration","Submitted","Underwriter requests review of Policy Duration for this Marine Freight risk.","RFI-001006","Yes",,"1","1","18.0000000000","Test Data ","ITEM-0007","12.0000000000",,,,,,,,,,,,,"Level 4","David Mallory - Marine Freight","REF-001003","Freight Demurrage","Policy Duration","Marine Freight",,,"Aritra Bhattacharya",
"2fcfd5c7-8bb0-f111-aaab-002248db53bb","Referral item for Marine Trades - Limits/Capacity","Onward for Approval","Underwriter requests review of Limits/Capacity for this Marine Trades risk.","RFI-001008","Yes",,"1","1",,"Test Data ","ITEM-0009",,,,,,,,,,,,,,"Level 4",,"REF-001004","Trades Repairers","Limits/Capacity","Marine Trades",,,"David Mallory",
"30cfd5c7-8bb0-f111-aaab-002248db53bb","Referral item for Marine Trades - Appetite/Hazard Code","Onward for Approval","Underwriter requests review of Appetite/Hazard Code for this Marine Trades risk.","RFI-001009","Yes",,"2","1",,"Test Data ","ITEM-0010",,,,,,,,,,,,,,"Level 4",,"REF-001004","Trades Repairers","Appetite/Hazard Code","Marine Trades",,,"David Mallory",
"e8a31e2a-8cb0-f111-aaab-002248db53bb","Referral item for Marine Hull - Reinsurance (Incl. Fac)","Onward for Approval","Underwriter requests review of Reinsurance (Incl. Fac) for this Marine Hull risk.","RFI-001012","Yes","2026-10-01T18:39:45Z","2","1",,"Test Data ","ITEM-0002",,,,,"Facultative","500000.0000000000","Facultative placement with lead reinsurer at 40% share.","Microsoft Flow",,,,,,"Level 4","SMOKE - Test Higher Authority - Marine Hull","REF-001000","Hull War Risks","Reinsurance (Incl. Fac)","Marine Hull",,,"Microsoft Flow","Aritra Bhattacharya"
"e9a31e2a-8cb0-f111-aaab-002248db53bb","Referral item for Marine Freight - Reinsurance (Incl. Fac)","In Review","Underwriter requests review of Reinsurance (Incl. Fac) for this Marine Freight risk.","RFI-001013","Yes",,"2","1",,"Test Data ","ITEM-0008",,,,,"Facultative","500000.0000000000","Facultative placement with lead reinsurer at 40% share.",,,,,,,"Level 4","David Mallory - Marine Freight","REF-001003","Freight Demurrage","Reinsurance (Incl. Fac)","Marine Freight",,,"Aritra Bhattacharya",
"c59c2731-8cb0-f111-aaab-002248db53bb","Referral item for Ports & Terminals - Authorised Geography","Draft","Underwriter requests review of Authorised Geography for this Ports & Terminals risk.","RFI-001014","Yes",,"1","1",,"Test Data ","ITEM-0011",,,,,,,,,,,,,,"Level 4","Jeremy Johnson - Ports & Terminals","REF-001006","Ports Terminal Operations","Authorised Geography","Ports & Terminals",,,"Aritra Bhattacharya",
"c69c2731-8cb0-f111-aaab-002248db53bb","Referral item for Ports & Terminals - Limits/Capacity","Draft","Underwriter requests review of Limits/Capacity for this Ports & Terminals risk.","RFI-001015","Yes",,"2","1",,,"ITEM-0012",,,,,,,,,"2000000.0000000000","1500000.0000000000",,,,"Level 4","Jeremy Johnson - Ports & Terminals","REF-001006","Ports Terminal Operations","Limits/Capacity","Ports & Terminals",,,"Aritra Bhattacharya",
"4f6e4386-a3b0-f111-aaab-002248db53bb",,"Draft",,"RFI-001016","Yes",,"1","1",,"tesrt ","ITEM-0001",,,,,,,,,,,,,,"Level 3","Aritra Bhattacharya - Marine Liability","REF-001007","Liability P&I","Appetite/Hazard Code","Marine Liability",,,,
"873142ec-a3b0-f111-aaab-002248db53bb",,"Draft",,"RFI-001017","Yes",,"1","1",,"Test","ITEM-0001",,,,,,,,,,,,,,"Level 1",,"REF-001008","Trades Repairers","US Exposure","Marine Trades",,,,
"883142ec-a3b0-f111-aaab-002248db53bb",,"Draft",,"RFI-001018","Yes",,"2","1",,"test ","ITEM-0002",,,,,,,,,,,,,,"Level 2",,"REF-001008","Trades Repairers","Appetite/Hazard Code","Marine Trades",,,,
"b5707bf4-56b1-f111-aaab-7ced8d5ff0da",,"Draft",,"RFI-001019","Yes",,"1","1",,"Test","ITEM-0001",,,,,,,,,,,,,,"Level 2","Alan Steiner - Marine Cargo","REF-001010","Cargo Storage","Limits/Capacity","Marine Cargo",,,,
"0be777f8-90bd-f111-aaad-e4fade0d2043","SMOKE item 1","Draft","Smoke test details","RFI-001020","Yes","2026-10-01T12:10:02Z",,"1",,"Smoke test rationale","SMOKE-ITEM-1",,,,,,,,,,,,,,"Level 4","Aritra Bhattacharya - Marine Hull","SMOKE-REF-1","Hull All Risks","Policy Duration","Marine Hull",,,"Aritra Bhattacharya","Aritra Bhattacharya"
"0ce777f8-90bd-f111-aaad-e4fade0d2043","SMOKE item 2","Draft","Smoke test details","RFI-001021","No","2026-10-01T12:10:02Z",,"1",,"Smoke test rationale","SMOKE-ITEM-2",,,,,,,,,,,"2026-10-01T12:10:23Z",,,"Level 4","Aritra Bhattacharya - Marine Hull","SMOKE-REF-1","Hull All Risks","Policy Duration","Marine Hull",,,"Aritra Bhattacharya","Aritra Bhattacharya"
"508a7a11-91bd-f111-aaad-e4fade0d2043","SMOKE item 2","Draft","Smoke test details","RFI-001022","Yes",,,"2",,"Smoke test rationale","SMOKE-ITEM-2",,,,,,,,,,,,"smoke: narrowed scope","2026-10-01T12:10:24Z","Level 4","Aritra Bhattacharya - Marine Hull","SMOKE-REF-1","Hull All Risks","Policy Duration","Marine Hull",,,"Aritra Bhattacharya",
"e0fbc11d-91bd-f111-aaad-e4fade0d2043","SMOKE2 item","Draft","Smoke test details","RFI-001023","Yes","2026-10-01T12:10:44Z",,"1",,"Smoke test rationale","SMOKE2-ITEM-1",,,,,,,,,,,,,,"Level 4","Aritra Bhattacharya - Marine Hull","SMOKE-REF-2","Hull All Risks","Policy Duration","Marine Hull",,,"Aritra Bhattacharya","Aritra Bhattacharya"
"a3e52950-91bd-f111-aaad-e4fade0d2043","SMOKE3 item","Draft","Smoke test details","RFI-001024","Yes","2026-10-01T12:12:14Z",,"1",,"Smoke test rationale","SMOKE3-ITEM-1",,,,,,,,,,,,,,"Level 4","Aritra Bhattacharya - Marine Hull","SMOKE-REF-3","Hull All Risks","Policy Duration","Marine Hull",,,"Aritra Bhattacharya","Aritra Bhattacharya"
"75d70982-91bd-f111-aaad-e4fade0d2043","SMOKE4 item","Draft","Smoke test details","RFI-001025","Yes","2026-10-01T12:13:31Z",,"1",,"Smoke test rationale","SMOKE4-ITEM-1",,,,,,,,,,,,,,"Level 4","Aritra Bhattacharya - Marine Hull","SMOKE-REF-4","Hull All Risks","Policy Duration","Marine Hull",,,"Aritra Bhattacharya","Aritra Bhattacharya"
"41ff1b56-a2bd-f111-aaad-e4fade0d2043","SMOKE5 item","Onward for Approval","Smoke test details","RFI-001026","Yes","2026-10-01T14:14:08Z",,"1",,"Smoke test rationale","SMOKE5-ITEM-1",,,,,,,,"Microsoft Flow",,,,,,"Level 4","SMOKE - Test Higher Authority - Marine Hull","SMOKE-REF-5","Hull All Risks","Policy Duration","Marine Hull",,,"Microsoft Flow","Aritra Bhattacharya"
"260061c0-a5bd-f111-aaad-e4fade0d2043","SMOKE-REF-6 item 1","Draft","d","RFI-001027","Yes","2026-10-01T14:38:32Z",,"1",,"r","SMOKE-REF-6-ITEM-1",,,,,,,,,,,,,,"Level 4","Aritra Bhattacharya - Marine Hull","SMOKE-REF-6","Hull All Risks","Policy Duration","Marine Hull",,,"Aritra Bhattacharya","Aritra Bhattacharya"
"270061c0-a5bd-f111-aaad-e4fade0d2043","SMOKE-REF-6 item 2","Draft","d","RFI-001028","Yes","2026-10-01T14:38:32Z",,"1",,"r","SMOKE-REF-6-ITEM-2",,,,,,,,,,,,,,"Level 4","Aritra Bhattacharya - Marine Hull","SMOKE-REF-6","Hull All Risks","Policy Duration","Marine Hull",,,"Aritra Bhattacharya","Aritra Bhattacharya"
"837422f3-a5bd-f111-aaad-e4fade0d2043","SMOKE-REF-7 item","Draft","d","RFI-001029","No","2026-10-01T14:39:57Z",,"1",,"r","SMOKE-REF-7-ITEM-1",,,,,,,,,,,"2026-10-01T14:39:58Z",,,"Level 4","Aritra Bhattacharya - Marine Hull","SMOKE-REF-7","Hull All Risks","Policy Duration","Marine Hull",,,"Aritra Bhattacharya","Aritra Bhattacharya"
"ed1e22f9-a5bd-f111-aaad-e4fade0d2043","SMOKE-REF-7 item","Revision Draft","d","RFI-001030","Yes",,,"2",,"r","SMOKE-REF-7-ITEM-1",,,,,,,,,,,,,,"Level 4","Aritra Bhattacharya - Marine Hull","SMOKE-REF-7","Hull All Risks","Policy Duration","Marine Hull",,,"Aritra Bhattacharya",
